"","ANOVA.Effect","ANOVA.DFn","ANOVA.DFd","ANOVA.SSn","ANOVA.SSd","ANOVA.F","ANOVA.p","ANOVA.p..05","ANOVA.ges"
"1","(Intercept)",1,35,357.520833333333,186.229166666667,67.1926389976507,1.17024606771597e-09,"*",0.48456412476705
"2","technique",2,70,79.4305555555555,194.069444444444,14.3251270307021,6.09528642366169e-06,"*",0.172776846271204
