"","ANOVA.Effect","ANOVA.DFn","ANOVA.DFd","ANOVA.SSn","ANOVA.SSd","ANOVA.F","ANOVA.p","ANOVA.p..05","ANOVA.ges"
"1","(Intercept)",1,35,194450.453184836,21284.472814081,319.752615952358,3.51218002192797e-19,"*",0.818922739330513
"2","technique",2,70,2172.84290422685,21711.7143811065,3.50269445853239,0.0354970489119676,"*",0.0481047058005131
