"","ANOVA.Effect","ANOVA.DFn","ANOVA.DFd","ANOVA.SSn","ANOVA.SSd","ANOVA.F","ANOVA.p","ANOVA.p..05","ANOVA.ges"
"1","(Intercept)",1,35,5724.9751679532,3945.39252639682,50.7868683629703,2.62545081344648e-08,"*",0.498255856957543
"2","technique",2,70,505.96517853233,1819.66315628791,9.73190075725734,0.000186540960185303,"*",0.0806830641660686
