"","ANOVA.Effect","ANOVA.DFn","ANOVA.DFd","ANOVA.SSn","ANOVA.SSd","ANOVA.F","ANOVA.p","ANOVA.p..05","ANOVA.ges"
"1","(Intercept)",1,29,601670669.865067,294889792.886084,59.169390894541,1.75646772318652e-08,"*",0.528332127144642
"2","technique",2,58,101285536.612708,242250976.024646,12.1249483076167,3.98553247401157e-05,"*",0.158648751995996
