"","ANOVA.Effect","ANOVA.DFn","ANOVA.DFd","ANOVA.SSn","ANOVA.SSd","ANOVA.F","ANOVA.p","ANOVA.p..05","ANOVA.ges"
"1","(Intercept)",1,29,3015.68011152653,1478.03994450682,59.169390894541,1.75646772318652e-08,"*",0.528332127144642
"2","technique",2,58,507.661073817567,1214.20485821463,12.1249483076167,3.98553247401157e-05,"*",0.158648751995996
