"","ANOVA.Effect","ANOVA.DFn","ANOVA.DFd","ANOVA.SSn","ANOVA.SSd","ANOVA.F","ANOVA.p","ANOVA.p..05","ANOVA.ges"
"1","(Intercept)",1,34,424.009523809524,107.82380952381,133.702601245418,2.49548053041303e-13,"*",0.596001311923105
"2","technique",2,68,51.5761904761905,179.590476190476,9.76438457867105,0.000187143653855405,"*",0.152146429173456
