"","ANOVA.Effect","ANOVA.DFn","ANOVA.DFd","ANOVA.SSn","ANOVA.SSd","ANOVA.F","ANOVA.p","ANOVA.p..05","ANOVA.ges"
"1","(Intercept)",1,30,392.268817204301,99.7311827956989,117.997843665768,6.43503265612385e-12,"*",0.586581983358122
"2","technique",2,60,44.263440860215,176.736559139785,7.51346089495938,0.00122468290310514,"*",0.138007912028966
