"","ANOVA.Effect","ANOVA.DFn","ANOVA.DFd","ANOVA.SSn","ANOVA.SSd","ANOVA.F","ANOVA.p","ANOVA.p..05","ANOVA.ges"
"1","(Intercept)",1,29,205.511111111111,142.322222222222,41.8755562495121,4.41159298757119e-07,"*",0.408846251616397
"2","technique",2,58,65.3388888888888,154.827777777778,12.2382934443288,3.67978194138414e-05,"*",0.180250735654733
