"","ANOVA.Effect","ANOVA.DFn","ANOVA.DFd","ANOVA.SSn","ANOVA.SSd","ANOVA.F","ANOVA.p","ANOVA.p..05","ANOVA.ges"
"1","(Intercept)",1,34,611169.108800952,96956.2680303809,214.320849196888,3.04092096406954e-16,"*",0.80315370935561
"2","technique",2,68,20012.1836338048,52836.1946358619,12.8778056072861,1.80882216602414e-05,"*",0.117854158115573
