"","ANOVA.Effect","ANOVA.DFn","ANOVA.DFd","ANOVA.SSn","ANOVA.SSd","ANOVA.F","ANOVA.p","ANOVA.p..05","ANOVA.ges"
"1","(Intercept)",1,29,128224.407649803,10487.4781986139,354.56644118085,8.35627435276016e-18,"*",0.835773374322641
"2","technique",2,58,2172.40695043889,14708.1818268944,4.28331674874527,0.018406473699711,"*",0.0793774347434963
