"","ANOVA.Effect","ANOVA.DFn","ANOVA.DFd","ANOVA.SSn","ANOVA.SSd","ANOVA.F","ANOVA.p","ANOVA.p..05","ANOVA.ges"
"1","(Intercept)",1,30,416980.610642261,52280.5053673226,239.275007603249,7.71972956352515e-16,"*",0.81628606620187
"2","technique",2,60,13687.5561929732,41565.4531396935,9.87903787333094,0.000195567860172131,"*",0.127286420714142
