"","ANOVA.Effect","ANOVA.DFn","ANOVA.DFd","ANOVA.SSn","ANOVA.SSd","ANOVA.F","ANOVA.p","ANOVA.p..05","ANOVA.ges"
"1","(Intercept)",1,30,584.115553103536,218.535944487313,80.1857407678005,5.60746791774333e-10,"*",0.497182192393042
"2","technique",2,60,59.8478014582124,372.200623101701,4.82383406235133,0.011411430777319,"*",0.0919908382457127
