"","ANOVA.Effect","ANOVA.DFn","ANOVA.DFd","ANOVA.SSn","ANOVA.SSd","ANOVA.F","ANOVA.p","ANOVA.p..05","ANOVA.ges"
"1","(Intercept)",1,34,639.425572718222,244.825524615319,88.7998484086948,5.21999389982612e-11,"*",0.497680788457461
"2","technique",2,68,65.9196924893325,400.559543439017,5.59534676266808,0.00562836242303192,"*",0.0926743305344229
