"","ANOVA.Effect","ANOVA.DFn","ANOVA.DFd","ANOVA.SSn","ANOVA.SSd","ANOVA.F","ANOVA.p","ANOVA.p..05","ANOVA.ges"
"1","(Intercept)",1,29,694.444444444444,143.722222222222,140.123695400077,1.26123163162369e-12,"*",0.686134592161598
"2","technique",2,58,43.8888888888888,173.944444444444,7.31715106994569,0.00146656235915676,"*",0.12138905961893
