"","ANOVA.Effect","ANOVA.DFn","ANOVA.DFd","ANOVA.SSn","ANOVA.SSd","ANOVA.F","ANOVA.p","ANOVA.p..05","ANOVA.ges"
"1","(Intercept)",1,29,680.625,145.458333333333,135.696075623031,1.85768540598368e-12,"*",0.684113981304654
"2","technique",2,58,42.35,168.816666666667,7.27505183137525,0.00151673158664336,"*",0.118752190676481
