"","ANOVA.Effect","ANOVA.DFn","ANOVA.DFd","ANOVA.SSn","ANOVA.SSd","ANOVA.F","ANOVA.p","ANOVA.p..05","ANOVA.ges"
"1","(Intercept)",1,29,940639.187858402,113571.289533347,240.188665286609,1.4421863126981e-15,"*",0.831198880265018
"2","technique",2,58,20781.3858294055,77455.1325985945,7.78076505499,0.00101517272894893,"*",0.0981143520129245
