"","ANOVA.Effect","ANOVA.DFn","ANOVA.DFd","ANOVA.SSn","ANOVA.SSd","ANOVA.F","ANOVA.p","ANOVA.p..05","ANOVA.ges"
"1","(Intercept)",1,29,922632.018770069,111624.553871347,239.699310020714,1.48089371538855e-15,"*",0.832857037782299
"2","technique",2,58,18394.8837110222,73535.0133273111,7.25438948715765,0.00154200098471165,"*",0.090368368899898
