"","ANOVA.Effect","ANOVA.DFn","ANOVA.DFd","ANOVA.SSn","ANOVA.SSd","ANOVA.F","ANOVA.p","ANOVA.p..05","ANOVA.ges"
"1","(Intercept)",1,29,36683.6255087065,2140.02194935524,497.109452579683,8.4657148870552e-20,"*",0.87993070677881
"2","technique",2,58,766.930156816576,2865.5733250104,7.76143969291032,0.00103076368426761,"*",0.132858688274243
